{
"defaultSchemaName": "CATS_BOP_OWNER",
"boundedContext": "Bop.Claimant",
"schemas": [
    "CATS_BOP_OWNER",
    "CATS_CORE_OWNER",
    "CATS_LEGAL_OWNER",
    "CUBS_OWNER",
    "CATS_LEGAL_OWNER"
    ],
"tables": [
    "CATS_BOP_OWNER.V_CLAIMANT",
    "CATS_BOP_OWNER.V_CLAIMANT_ADDRESS", 
    "CATS_BOP_OWNER.V_CLAIMANT_PHONE",
    "CATS_BOP_OWNER.V_OPGROUP",	    
    "CATS_BOP_OWNER.NOTE_SOURCE_CODE",
    "CATS_BOP_OWNER.NOTE_TYPE_CODE",
    "CATS_BOP_OWNER.NOTE_TYPE",
    "CATS_BOP_OWNER.NOTE",
    "CATS_BOP_OWNER.HOLD", 
    "CATS_BOP_OWNER.HOLD_TYPE_CODE",
    "CATS_CORE_OWNER.EMPLOYEE",
    "CATS_CORE_OWNER.VM_POSTAL_CODE",
    "CATS_BOP_OWNER.LIEN_BOP",
    "CATS_LEGAL_OWNER.LIEN_MASTER",
    "CATS_LEGAL_OWNER.LIEN_STATE_HISTORY",
    "CUBS_OWNER.OP_TRANSACTIONS",
    "CUBS_OWNER.OP_CAUSE_CODES",
    "CUBS_OWNER.OP_CLASS_CODES",
    "CUBS_OWNER.OP_SOURCE_CODES"
    ],
"storedProcs": [
    "CATS_BOP_OWNER.CLAIMANT_SEARCH_PKG.FNGETCLAIMANTSEARCHCOUNT",
    "CATS_BOP_OWNER.UW_ADDRESS_PKG.UPDATE_ADDRESS",
    "CATS_BOP_OWNER.UW_ADDRESS_PKG.VALIDATE_ADDRESS"],
"aliases": [    
    {
        "this": "CATS_BOP_OWNER.V_OPGROUP.PRTY_ID",
        "pointsto": "CATS_BOP_OWNER.V_CLAIMANT.PRTY_ID"
    },	
    {
        "this": "CATS_BOP_OWNER.V_CLAIMANT_ADDRESS.PRTY_ID", 
        "pointsto":"CATS_BOP_OWNER.V_CLAIMANT.PRTY_ID"
    },
    {
        "this": "CATS_BOP_OWNER.V_CLAIMANT_PHONE.PRTY_ID", 
        "pointsto":"CATS_BOP_OWNER.V_CLAIMANT.PRTY_ID"
    },	
    {
        "this": "CATS_BOP_OWNER.NOTE.PRTY_ID",
        "pointsto": "CATS_BOP_OWNER.V_CLAIMANT.PRTY_ID"
    },		
    {
        "this": "CUBS_OWNER.OP_TRANSACTIONS.OPGRP_ID",
        "pointsto": "CATS_BOP_OWNER.V_OPGROUP.OPGRP_ID"
    },	    
    {
        "this": "CATS_BOP_OWNER.V_OPGROUP.OPCSE_CD",
        "pointsto": "CUBS_OWNER.OP_CAUSE_CODES.OPCSE_CD"		
    },	
    {
        "this": "CATS_BOP_OWNER.V_OPGROUP.OPCLS_CD",
        "pointsto": "CUBS_OWNER.OP_CLASS_CODES.OPCLS_CD"
    },	
    {
        "this": "CATS_BOP_OWNER.V_OPGROUP.OPSRC_CD",
        "pointsto": "CUBS_OWNER.OP_SOURCE_CODES.OPSRC_CD"
    }   
    ]
}
